"id","fqdn/ip","port","severity","finding","cve","cwe"
"service","www2.assainissement.developpement-durable.gouv.fr/37.235.89.249","443","INFO","HTTP","",""
"pre_128cipher","www2.assainissement.developpement-durable.gouv.fr/37.235.89.249","443","INFO","No 128 cipher limit bug","",""
"SSLv2","www2.assainissement.developpement-durable.gouv.fr/37.235.89.249","443","OK","not offered","",""
"SSLv3","www2.assainissement.developpement-durable.gouv.fr/37.235.89.249","443","OK","not offered","",""
"TLS1","www2.assainissement.developpement-durable.gouv.fr/37.235.89.249","443","INFO","not offered","",""
"TLS1_1","www2.assainissement.developpement-durable.gouv.fr/37.235.89.249","443","INFO","not offered","",""
"TLS1_2","www2.assainissement.developpement-durable.gouv.fr/37.235.89.249","443","OK","offered","",""
"TLS1_3","www2.assainissement.developpement-durable.gouv.fr/37.235.89.249","443","INFO","not offered + downgraded to weaker protocol","",""
"ALPN","www2.assainissement.developpement-durable.gouv.fr/37.235.89.249","443","INFO","not offered","",""
"cipherlist_NULL","www2.assainissement.developpement-durable.gouv.fr/37.235.89.249","443","OK","not offered","","CWE-327"
"cipherlist_aNULL","www2.assainissement.developpement-durable.gouv.fr/37.235.89.249","443","OK","not offered","","CWE-327"
"cipherlist_EXPORT","www2.assainissement.developpement-durable.gouv.fr/37.235.89.249","443","OK","not offered","","CWE-327"
"cipherlist_LOW","www2.assainissement.developpement-durable.gouv.fr/37.235.89.249","443","OK","not offered","","CWE-327"
"cipherlist_3DES_IDEA","www2.assainissement.developpement-durable.gouv.fr/37.235.89.249","443","INFO","not offered","","CWE-310"
"cipherlist_AVERAGE","www2.assainissement.developpement-durable.gouv.fr/37.235.89.249","443","LOW","offered","","CWE-310"
"cipherlist_GOOD","www2.assainissement.developpement-durable.gouv.fr/37.235.89.249","443","OK","offered","",""
"cipherlist_STRONG","www2.assainissement.developpement-durable.gouv.fr/37.235.89.249","443","OK","offered","",""
"cipher_order","www2.assainissement.developpement-durable.gouv.fr/37.235.89.249","443","OK","server","",""
"protocol_negotiated","www2.assainissement.developpement-durable.gouv.fr/37.235.89.249","443","OK","Default protocol TLS1.2","",""
"cipher_negotiated","www2.assainissement.developpement-durable.gouv.fr/37.235.89.249","443","OK","ECDHE-RSA-AES256-GCM-SHA384, 256 bit ECDH (P-256)","",""
"cipherorder_TLSv1_2","www2.assainissement.developpement-durable.gouv.fr/37.235.89.249","443","INFO","ECDHE-RSA-AES256-GCM-SHA384","",""
"FS","www2.assainissement.developpement-durable.gouv.fr/37.235.89.249","443","OK","offered","",""
"FS_ciphers","www2.assainissement.developpement-durable.gouv.fr/37.235.89.249","443","INFO","ECDHE-RSA-AES256-GCM-SHA384 ECDHE-RSA-AES256-SHA384 ECDHE-RSA-AES256-SHA","",""
"FS_ECDHE_curves","www2.assainissement.developpement-durable.gouv.fr/37.235.89.249","443","OK","prime256v1","",""
"TLS_extensions","www2.assainissement.developpement-durable.gouv.fr/37.235.89.249","443","INFO","'server name/#0' 'renegotiation info/#65281' 'EC point formats/#11' 'status request/#5' 'heartbeat/#15' 'next protocol/#13172'","",""
"TLS_session_ticket","www2.assainissement.developpement-durable.gouv.fr/37.235.89.249","443","INFO","no -- no lifetime advertised","",""
"SSL_sessionID_support","www2.assainissement.developpement-durable.gouv.fr/37.235.89.249","443","INFO","yes","",""
"sessionresumption_ticket","www2.assainissement.developpement-durable.gouv.fr/37.235.89.249","443","INFO","not supported","",""
"sessionresumption_ID","www2.assainissement.developpement-durable.gouv.fr/37.235.89.249","443","INFO","supported","",""
"TLS_timestamp","www2.assainissement.developpement-durable.gouv.fr/37.235.89.249","443","INFO","random","",""
"cert_compression","www2.assainissement.developpement-durable.gouv.fr/37.235.89.249","443","INFO","N/A","",""
"clientAuth","www2.assainissement.developpement-durable.gouv.fr/37.235.89.249","443","INFO","none","",""
"cert_numbers","www2.assainissement.developpement-durable.gouv.fr/37.235.89.249","443","INFO","1","",""
"cert_signatureAlgorithm","www2.assainissement.developpement-durable.gouv.fr/37.235.89.249","443","OK","SHA256 with RSA","",""
"cert_keySize","www2.assainissement.developpement-durable.gouv.fr/37.235.89.249","443","INFO","RSA 2048 bits (exponent is 65537)","",""
"cert_keyUsage","www2.assainissement.developpement-durable.gouv.fr/37.235.89.249","443","INFO","Digital Signature, Key Encipherment","",""
"cert_extKeyUsage","www2.assainissement.developpement-durable.gouv.fr/37.235.89.249","443","INFO","TLS Web Server Authentication","",""
"cert_serialNumber","www2.assainissement.developpement-durable.gouv.fr/37.235.89.249","443","INFO","CD407C6185EC5AACFEEAB4F21D1A5157","",""
"cert_fingerprintSHA1","www2.assainissement.developpement-durable.gouv.fr/37.235.89.249","443","INFO","13DDF31F44621D591D4C4B3FFC6B8F4FD6582DE1","",""
"cert_fingerprintSHA256","www2.assainissement.developpement-durable.gouv.fr/37.235.89.249","443","INFO","C5081D37F8B7DCC78F4FA8552E65586656C7D05C72523E1D62720171B49EA8C1","",""
"cert","www2.assainissement.developpement-durable.gouv.fr/37.235.89.249","443","INFO","-----BEGIN CERTIFICATE----- MIIJBTCCBu2gAwIBAgIRAM1AfGGF7Fqs/uq08h0aUVcwDQYJKoZIhvcNAQELBQAw fTELMAkGA1UEBhMCRlIxEjAQBgNVBAoMCURISU1ZT1RJUzEcMBoGA1UECwwTMDAw MiA0ODE0NjMwODEwMDAzNjEdMBsGA1UEYQwUTlRSRlItNDgxNDYzMDgxMDAwMzYx HTAbBgNVBAMMFENlcnRpZ25hIFNlcnZpY2VzIENBMB4XDTIxMDgzMDIyMDAwMFoX DTIyMDgzMDIxNTk1OVowgbQxCzAJBgNVBAYTAkZSMRkwFwYDVQQHDBBQQVJJUyBM QSBERUZFTlNFMSAwHgYDVQQKDBdTRyBNSU4gVFJBTlMgRUNPTCBTT0xJRDEcMBoG A1UECwwTMDAwMiAxMzAwMTk1NDAwMDAyNTE1MDMGA1UEAwwsYXNzYWluaXNzZW1l bnQuZGV2ZWxvcHBlbWVudC1kdXJhYmxlLmdvdXYuZnIxEzARBgNVBAUTClMyMTA2 OTA4NDUwggEiMA0GCSqGSIb3DQEBAQUAA4IBDwAwggEKAoIBAQDM2lq7eQoV9vvR EtbAuFeFe7ZpYkWCZ2HnYtB2fh9dJjHCsroH8TeBxMCLwhebtXFIo6fZH6lXU3/c dasCaUz3mtha/asntuJ55sje01FpFTpfcf7d7kQM7bPm/1RbHoKHCnPH4Yqu3QaC zM/eZBuNoWu1kgb5xRD6ADXWFyKZ1iBKDizCB7dtiljPede4B7Zham/ICccd1FIn m++B97SWTJyLje+AfjasO15PydSMVvVy7pY7qJDGgTQGqF78Dhp15a2QKDKI4vVa MJLXA+W69M5h9YrRNMvHaqWHYDXc9MF6B5hCWfUMcOPzf5Mt2l/c7Iy6eBdSxgAN VXoWP2K1AgMBAAGjggRGMIIEQjCB5AYIKwYBBQUHAQEEgdcwgdQwOAYIKwYBBQUH MAKGLGh0dHA6Ly9hdXRvcml0ZS5kaGlteW90aXMuY29tL3NlcnZpY2VzY2EuZGVy MDYGCCsGAQUFBzAChipodHRwOi8vYXV0b3JpdGUuY2VydGlnbmEuZnIvc2Vydmlj ZXNjYS5kZXIwMAYIKwYBBQUHMAGGJGh0dHA6Ly9zZXJ2aWNlc2NhLm9jc3AuZGhp bXlvdGlzLmNvbTAuBggrBgEFBQcwAYYiaHR0cDovL3NlcnZpY2VzY2Eub2NzcC5j ZXJ0aWduYS5mcjAfBgNVHSMEGDAWgBSs7IaPSzccuH8XGxnQruhO4zRcEjAJBgNV HRMEAjAAMGEGA1UdIARaMFgwCAYGZ4EMAQICMEwGCyqBegGBMQIFAQEBMD0wOwYI KwYBBQUHAgEWL2h0dHBzOi8vd3d3LmNlcnRpZ25hLmNvbS9hdXRvcml0ZS1jZXJ0 aWZpY2F0aW9uMGUGA1UdHwReMFwwK6ApoCeGJWh0dHA6Ly9jcmwuY2VydGlnbmEu ZnIvc2VydmljZXNjYS5jcmwwLaAroCmGJ2h0dHA6Ly9jcmwuZGhpbXlvdGlzLmNv bS9zZXJ2aWNlc2NhLmNybDATBgNVHSUEDDAKBggrBgEFBQcDATAOBgNVHQ8BAf8E BAMCBaAwgZ4GA1UdEQSBljCBk4Iwd3d3LmFzc2Fpbmlzc2VtZW50LmRldmVsb3Bw ZW1lbnQtZHVyYWJsZS5nb3V2LmZygixhc3NhaW5pc3NlbWVudC5kZXZlbG9wcGVt ZW50LWR1cmFibGUuZ291di5mcoIxd3d3Mi5hc3NhaW5pc3NlbWVudC5kZXZlbG9w cGVtZW50LWR1cmFibGUuZ291di5mcjAdBgNVHQ4EFgQUtzmywkO69l0fClbAt8Gf Wm7hXxIwggF8BgorBgEEAdZ5AgQCBIIBbASCAWgBZgB1AEalVet1+pEgMLWiiWn0 830RLEF0vv1JuIWr8vxw/m1HAAABe5tr4B4AAAQDAEYwRAIgb+Xmv0xCzhS+pL1T Pn3SpRQXxeHVHw1gciujewo+A4ACIBGOmbE9IArgdRQUwBJjs1eW2ot3tiPV/4py 97XNMjZmAHYAQcjKsd8iRkoQxqE6CUKHXk4xixsD6+tLx2jwkGKWBvYAAAF7m2vg 6QAABAMARzBFAiEAsnU0Kg6bdbW6dvz2jSU8cr1PAEiK6vwPzqN7E2X5d4MCIDGk pyjEy66zHp0Jyb3f6vkB9u2HSf/75PSoghxVn+5FAHUAb1N2rDHwMRnYmQCkURX/ dxUcEdkCwQApBo2yCJo32RMAAAF7m2vkHQAABAMARjBEAiB+67RyrmJEFZz6f321 MLeBEsjNcabIxo/jJBEnXqlj9AIgRzvdpxwzllwfNZnHGBt2W35N1wawzpaB5QaW exV18/IwDQYJKoZIhvcNAQELBQADggIBABQXsq4b7wvCE8E/CB4mrgKIh8Fmcc3g MvNEpJhALFlfsh3YvTburR9Z8C3CORk1rMAvOs/VfudoJU3qIfWehBkejC9VG5QQ QrBh4LqXy74gQ3Fx12AdVH4IHr4AwXyjTyFfknPDYg+f39gltwuyr1vFL+mTrHNg 1+UUOIWwbEjfetmZzevydq99QbbprxEkNdVLw4NJRZg9gzJ+xM9XwKpEDu5FdqQ3 f1vFE0G46DzNpybFhJ6WVU8flkqZGZJYK+6YOWXjMragS3vC3XQtO/x779vVZWff RgmmUkCanBItTX3HmHsfwI4WvwLvpjLCjkQUzmvVuP5o9aw4NEaS5BqE1WKzdtwQ dMh+7BLhmKV3/BypvYtkZUQVvlJKqXlUmc4gQhboULcsQhRcqkRQZp+J7d42n0A9 xrKP01myZPMDI6FocbJOWFxVKvLOClEiwrcbZkdxXyl49byT+/Nz/KZmBKaB4I7F +XjHBfatmqDoWEshUr+uFq9+ewZTONMZsNpHSOEyJuYwB4sciItmtXe3OcUOGsZc 75AMczykWXVMJqQWWTlq1tKgdTzqem4YRV3IRKKfKWkZ05UNQNK8pKg/PaYaoAJR Fp0Uvm25geg0qOJWesFWV0v/4dJ0sRSaHCFoNWJE+SMiMorsfg/B7NI3Q+KzYOoi 9sknTzOFwSmY -----END CERTIFICATE-----","",""
"cert_commonName","www2.assainissement.developpement-durable.gouv.fr/37.235.89.249","443","OK","assainissement.developpement-durable.gouv.fr","",""
"cert_commonName_wo_SNI","www2.assainissement.developpement-durable.gouv.fr/37.235.89.249","443","INFO","www.1000paysages.gouv.fr","",""
"cert_subjectAltName","www2.assainissement.developpement-durable.gouv.fr/37.235.89.249","443","INFO","www.assainissement.developpement-durable.gouv.fr assainissement.developpement-durable.gouv.fr www2.assainissement.developpement-durable.gouv.fr","",""
"cert_trust","www2.assainissement.developpement-durable.gouv.fr/37.235.89.249","443","OK","Ok via SAN (SNI mandatory)","",""
"cert_chain_of_trust","www2.assainissement.developpement-durable.gouv.fr/37.235.89.249","443","CRITICAL","Some certificate trust checks failed -> Java (chain incomplete)  , OK -> Mozilla Microsoft Linux Apple","",""
"cert_certificatePolicies_EV","www2.assainissement.developpement-durable.gouv.fr/37.235.89.249","443","INFO","no","",""
"cert_expirationStatus","www2.assainissement.developpement-durable.gouv.fr/37.235.89.249","443","OK","324 >= 60 days","",""
"cert_notBefore","www2.assainissement.developpement-durable.gouv.fr/37.235.89.249","443","INFO","2021-08-30 22:00","",""
"cert_notAfter","www2.assainissement.developpement-durable.gouv.fr/37.235.89.249","443","OK","2022-08-30 21:59","",""
"cert_extlifeSpan","www2.assainissement.developpement-durable.gouv.fr/37.235.89.249","443","OK","certificate has no extended life time according to browser forum","",""
"cert_eTLS","www2.assainissement.developpement-durable.gouv.fr/37.235.89.249","443","INFO","not present","",""
"cert_crlDistributionPoints","www2.assainissement.developpement-durable.gouv.fr/37.235.89.249","443","INFO","http://crl.certigna.fr/servicesca.crl http://crl.dhimyotis.com/servicesca.crl","",""
"cert_ocspURL","www2.assainissement.developpement-durable.gouv.fr/37.235.89.249","443","INFO","http://servicesca.ocsp.dhimyotis.com http://servicesca.ocsp.certigna.fr","",""
"OCSP_stapling","www2.assainissement.developpement-durable.gouv.fr/37.235.89.249","443","OK","offered","",""
"cert_ocspRevoked","www2.assainissement.developpement-durable.gouv.fr/37.235.89.249","443","OK","not revoked","",""
"cert_mustStapleExtension","www2.assainissement.developpement-durable.gouv.fr/37.235.89.249","443","INFO","--","",""
"DNS_CAArecord","www2.assainissement.developpement-durable.gouv.fr/37.235.89.249","443","OK","issue=certigna.fr, issuewild=;","",""
"certificate_transparency","www2.assainissement.developpement-durable.gouv.fr/37.235.89.249","443","OK","yes (certificate extension)","",""
"certs_countServer","www2.assainissement.developpement-durable.gouv.fr/37.235.89.249","443","INFO","2","",""
"certs_list_ordering_problem","www2.assainissement.developpement-durable.gouv.fr/37.235.89.249","443","INFO","no","",""
"cert_caIssuers","www2.assainissement.developpement-durable.gouv.fr/37.235.89.249","443","INFO","Certigna Services CA (DHIMYOTIS from FR)","",""
"intermediate_cert <#1>","www2.assainissement.developpement-durable.gouv.fr/37.235.89.249","443","INFO","-----BEGIN CERTIFICATE----- MIIGFjCCBP6gAwIBAgIQb4L6KKzW94S7WxILqHNnrTANBgkqhkiG9w0BAQsFADA0 MQswCQYDVQQGEwJGUjESMBAGA1UECgwJRGhpbXlvdGlzMREwDwYDVQQDDAhDZXJ0 aWduYTAeFw0xNTExMjUxMTMzNTJaFw0yNTExMjIxMTMzNTJaMH0xCzAJBgNVBAYT AkZSMRIwEAYDVQQKDAlESElNWU9USVMxHDAaBgNVBAsMEzAwMDIgNDgxNDYzMDgx MDAwMzYxHTAbBgNVBGEMFE5UUkZSLTQ4MTQ2MzA4MTAwMDM2MR0wGwYDVQQDDBRD ZXJ0aWduYSBTZXJ2aWNlcyBDQTCCAiIwDQYJKoZIhvcNAQEBBQADggIPADCCAgoC ggIBALPM+7LpWBz9wFcPaTc3xnB+5g0XrnptB0EPPfrR04vO52Ykm4ky1d4ZLd10 tbM1fa1RqNSOVWWg93O4pL7zCFKlz6JV74ZZVhHpEAwzBwv2oPnxvVbxtSN67xsS Y66ahUYxjzs8+3FhmsiRxqwnTYvK2u70uglUvRisOKyTL/M6JnrC4y8tlmoz7OSa 5BmBMVplJFQtvmON6N9aHLvYMz+EyJPCbXL6pELxeHjFT5QmIaRamsr2DOTaCjtB ZKI1Wnh3X7lnbjM8MESJiV2t7E9tIQNG0Z/HI3tO4aaUMum3KysY5sC8v3vi7rry GidgzHQhrtP0ZXWW5UH/k7umLS/P/XXWnCFpc2Lxa1uDGfc2im7xibRoPP+JNZsz N76euFlls6jyEXAiwnVr14tVVTewLK0OWs5SJHpEKp8PGMZRDj59EmMvokWwzL6Q zNZ6vVAp00oOm05sbspNY9+MFqGKKUsKvhFGEa4XmRNxDe6KswLcjPZB+NKHZ0QW Fd4ip5C5XmEK/8qIPjwVr9dah9+oiHGGO8Wx7gJAMF5DTmkvW7GhqCKj1LmHnabj zc8av6kxWVQZi/C7HCm9i/W4wio+JA2EAFLqNL3GPNbK9kau4yPhQt/c7zxzo0OH nlsV4THCG7oOCd3cfCiyfQcb3FBt6OSpaKRZxjCLBwP00r0fAgMBAAGjggHZMIIB 1TASBgNVHRMBAf8ECDAGAQH/AgEAMA4GA1UdDwEB/wQEAwIBBjAdBgNVHQ4EFgQU rOyGj0s3HLh/FxsZ0K7oTuM0XBIwZAYDVR0jBF0wW4AUGu3+QTmQtCRZvgHyUtVF 9lo53BGhOKQ2MDQxCzAJBgNVBAYTAkZSMRIwEAYDVQQKDAlEaGlteW90aXMxETAP BgNVBAMMCENlcnRpZ25hggkA/tzjAQ/JSP8wSQYDVR0gBEIwQDA+BgoqgXoBgTEB AAECMDAwLgYIKwYBBQUHAgEWImh0dHBzOi8vd3d3LmNlcnRpZ25hLmZyL2F1dG9y aXRlcy8wfAYIKwYBBQUHAQEEcDBuMDQGCCsGAQUFBzAChihodHRwOi8vYXV0b3Jp dGUuY2VydGlnbmEuZnIvY2VydGlnbmEuZGVyMDYGCCsGAQUFBzAChipodHRwOi8v YXV0b3JpdGUuZGhpbXlvdGlzLmNvbS9jZXJ0aWduYS5kZXIwYQYDVR0fBFowWDAp oCegJYYjaHR0cDovL2NybC5jZXJ0aWduYS5mci9jZXJ0aWduYS5jcmwwK6ApoCeG JWh0dHA6Ly9jcmwuZGhpbXlvdGlzLmNvbS9jZXJ0aWduYS5jcmwwDQYJKoZIhvcN AQELBQADggEBAGLft7gIuGPZVfg0cTM+HT2xAZFPDb/2+siH06x+dH044zMKbBIN bRzhKipwB1A3MW8FQjveE9tyrfyuqZE/X+o2SlGcdNV44ybYkxo4f6kcLEavV/IW +oFEnojZlhpksYcxrvQoEyqkAwshe8IS2KtZHKVACrt+XSs0lwvy7ALGmHaF7A4b y6cZWItA7Lhj8XWp+8tBJDj7HocRbWtxzEODdBuyMgJzFrNjc+97J0vH/K0+3yjm kczpKshMA0tM+MF9XDMN/MuwrPmUWGO/fHiqHgUp8yqeWtl1n44ZxkkK1t9GRwhn DWLv73/xhTmdhWYQ/reo0GbgBoLiltKmIJQ= -----END CERTIFICATE-----","",""
"intermediate_cert_fingerprintSHA256 <#1>","www2.assainissement.developpement-durable.gouv.fr/37.235.89.249","443","INFO","71E653BFBF5E72515B4099BBD5EC8872812B47C6EC1FA9ADD327E1C92C9EA16D","",""
"intermediate_cert_notBefore <#1>","www2.assainissement.developpement-durable.gouv.fr/37.235.89.249","443","INFO","2015-11-25 11:33","",""
"intermediate_cert_notAfter <#1>","www2.assainissement.developpement-durable.gouv.fr/37.235.89.249","443","OK","2025-11-22 11:33","",""
"intermediate_cert_expiration <#1>","www2.assainissement.developpement-durable.gouv.fr/37.235.89.249","443","OK","ok > 40 days","",""
"intermediate_cert_chain <#1>","www2.assainissement.developpement-durable.gouv.fr/37.235.89.249","443","INFO","Certigna Services CA <-- Certigna","",""
"intermediate_cert_badOCSP","www2.assainissement.developpement-durable.gouv.fr/37.235.89.249","443","OK","intermediate certificate(s) is/are ok","",""
"HTTP_status_code","www2.assainissement.developpement-durable.gouv.fr/37.235.89.249","443","INFO","401 Unauthorized ('/') -- WWW-Authenticate: Basic realm='Site en maintenance'","",""
"HTTP_clock_skew","www2.assainissement.developpement-durable.gouv.fr/37.235.89.249","443","INFO","-1 seconds from localtime","",""
"HSTS","www2.assainissement.developpement-durable.gouv.fr/37.235.89.249","443","LOW","not offered","",""
"HPKP","www2.assainissement.developpement-durable.gouv.fr/37.235.89.249","443","INFO","No support for HTTP Public Key Pinning","",""
"banner_server","www2.assainissement.developpement-durable.gouv.fr/37.235.89.249","443","INFO","nginx","",""
"banner_application","www2.assainissement.developpement-durable.gouv.fr/37.235.89.249","443","INFO","No application banner found","",""
"cookie_count","www2.assainissement.developpement-durable.gouv.fr/37.235.89.249","443","INFO","0 at '/' (30x detected, better try target URL of 30x)","",""
"security_headers","www2.assainissement.developpement-durable.gouv.fr/37.235.89.249","443","MEDIUM","--","",""
"banner_reverseproxy","www2.assainissement.developpement-durable.gouv.fr/37.235.89.249","443","INFO","--","","CWE-200"
"heartbleed","www2.assainissement.developpement-durable.gouv.fr/37.235.89.249","443","OK","not vulnerable , timed out","CVE-2014-0160","CWE-119"
"CCS","www2.assainissement.developpement-durable.gouv.fr/37.235.89.249","443","OK","not vulnerable","CVE-2014-0224","CWE-310"
"ticketbleed","www2.assainissement.developpement-durable.gouv.fr/37.235.89.249","443","OK","no session ticket extension","CVE-2016-9244","CWE-200"
"ROBOT","www2.assainissement.developpement-durable.gouv.fr/37.235.89.249","443","OK","not vulnerable","CVE-2017-17382 CVE-2017-17427 CVE-2017-17428 CVE-2017-13098 CVE-2017-1000385 CVE-2017-13099 CVE-2016-6883 CVE-2012-5081 CVE-2017-6168","CWE-203"
"secure_renego","www2.assainissement.developpement-durable.gouv.fr/37.235.89.249","443","OK","supported","","CWE-310"
"secure_client_renego","www2.assainissement.developpement-durable.gouv.fr/37.235.89.249","443","OK","not vulnerable","CVE-2011-1473","CWE-310"
"CRIME_TLS","www2.assainissement.developpement-durable.gouv.fr/37.235.89.249","443","OK","not vulnerable","CVE-2012-4929","CWE-310"
"BREACH","www2.assainissement.developpement-durable.gouv.fr/37.235.89.249","443","OK","not vulnerable, no gzip/deflate/compress/br HTTP compression  - only supplied '/' tested","CVE-2013-3587","CWE-310"
"POODLE_SSL","www2.assainissement.developpement-durable.gouv.fr/37.235.89.249","443","OK","not vulnerable, no SSLv3","CVE-2014-3566","CWE-310"
"fallback_SCSV","www2.assainissement.developpement-durable.gouv.fr/37.235.89.249","443","OK","no protocol below TLS 1.2 offered","",""
"SWEET32","www2.assainissement.developpement-durable.gouv.fr/37.235.89.249","443","OK","not vulnerable","CVE-2016-2183 CVE-2016-6329","CWE-327"
"FREAK","www2.assainissement.developpement-durable.gouv.fr/37.235.89.249","443","OK","not vulnerable","CVE-2015-0204","CWE-310"
"DROWN","www2.assainissement.developpement-durable.gouv.fr/37.235.89.249","443","OK","not vulnerable on this host and port","CVE-2016-0800 CVE-2016-0703","CWE-310"
"DROWN_hint","www2.assainissement.developpement-durable.gouv.fr/37.235.89.249","443","INFO","Make sure you don't use this certificate elsewhere with SSLv2 enabled services, see https://censys.io/ipv4?q=C5081D37F8B7DCC78F4FA8552E65586656C7D05C72523E1D62720171B49EA8C1","CVE-2016-0800 CVE-2016-0703","CWE-310"
"LOGJAM","www2.assainissement.developpement-durable.gouv.fr/37.235.89.249","443","OK","not vulnerable, no DH EXPORT ciphers,","CVE-2015-4000","CWE-310"
"LOGJAM-common_primes","www2.assainissement.developpement-durable.gouv.fr/37.235.89.249","443","OK","no DH key with <= TLS 1.2","CVE-2015-4000","CWE-310"
"BEAST","www2.assainissement.developpement-durable.gouv.fr/37.235.89.249","443","OK","not vulnerable, no SSL3 or TLS1","CVE-2011-3389","CWE-20"
"LUCKY13","www2.assainissement.developpement-durable.gouv.fr/37.235.89.249","443","LOW","potentially vulnerable, uses TLS CBC ciphers","CVE-2013-0169","CWE-310"
"winshock","www2.assainissement.developpement-durable.gouv.fr/37.235.89.249","443","OK","not vulnerable","CVE-2014-6321","CWE-94"
"RC4","www2.assainissement.developpement-durable.gouv.fr/37.235.89.249","443","OK","not vulnerable","CVE-2013-2566 CVE-2015-2808","CWE-310"
"clientsimulation-android_442","www2.assainissement.developpement-durable.gouv.fr/37.235.89.249","443","INFO","TLSv1.2 ECDHE-RSA-AES256-GCM-SHA384","",""
"clientsimulation-android_500","www2.assainissement.developpement-durable.gouv.fr/37.235.89.249","443","INFO","TLSv1.2 ECDHE-RSA-AES256-SHA","",""
"clientsimulation-android_60","www2.assainissement.developpement-durable.gouv.fr/37.235.89.249","443","INFO","TLSv1.2 ECDHE-RSA-AES256-SHA","",""
"clientsimulation-android_70","www2.assainissement.developpement-durable.gouv.fr/37.235.89.249","443","INFO","TLSv1.2 ECDHE-RSA-AES256-GCM-SHA384","",""
"clientsimulation-android_81","www2.assainissement.developpement-durable.gouv.fr/37.235.89.249","443","INFO","TLSv1.2 ECDHE-RSA-AES256-GCM-SHA384","",""
"clientsimulation-android_90","www2.assainissement.developpement-durable.gouv.fr/37.235.89.249","443","INFO","TLSv1.2 ECDHE-RSA-AES256-GCM-SHA384","",""
"clientsimulation-android_X","www2.assainissement.developpement-durable.gouv.fr/37.235.89.249","443","INFO","TLSv1.2 ECDHE-RSA-AES256-GCM-SHA384","",""
"clientsimulation-chrome_74_win10","www2.assainissement.developpement-durable.gouv.fr/37.235.89.249","443","INFO","TLSv1.2 ECDHE-RSA-AES256-GCM-SHA384","",""
"clientsimulation-chrome_79_win10","www2.assainissement.developpement-durable.gouv.fr/37.235.89.249","443","INFO","TLSv1.2 ECDHE-RSA-AES256-GCM-SHA384","",""
"clientsimulation-firefox_66_win81","www2.assainissement.developpement-durable.gouv.fr/37.235.89.249","443","INFO","TLSv1.2 ECDHE-RSA-AES256-GCM-SHA384","",""
"clientsimulation-firefox_71_win10","www2.assainissement.developpement-durable.gouv.fr/37.235.89.249","443","INFO","TLSv1.2 ECDHE-RSA-AES256-GCM-SHA384","",""
"clientsimulation-ie_6_xp","www2.assainissement.developpement-durable.gouv.fr/37.235.89.249","443","INFO","No connection","",""
"clientsimulation-ie_8_win7","www2.assainissement.developpement-durable.gouv.fr/37.235.89.249","443","INFO","No connection","",""
"clientsimulation-ie_8_xp","www2.assainissement.developpement-durable.gouv.fr/37.235.89.249","443","INFO","No connection","",""
"clientsimulation-ie_11_win7","www2.assainissement.developpement-durable.gouv.fr/37.235.89.249","443","INFO","TLSv1.2 ECDHE-RSA-AES256-SHA384","",""
"clientsimulation-ie_11_win81","www2.assainissement.developpement-durable.gouv.fr/37.235.89.249","443","INFO","TLSv1.2 ECDHE-RSA-AES256-SHA384","",""
"clientsimulation-ie_11_winphone81","www2.assainissement.developpement-durable.gouv.fr/37.235.89.249","443","INFO","TLSv1.2 ECDHE-RSA-AES256-SHA","",""
"clientsimulation-ie_11_win10","www2.assainissement.developpement-durable.gouv.fr/37.235.89.249","443","INFO","TLSv1.2 ECDHE-RSA-AES256-GCM-SHA384","",""
"clientsimulation-edge_15_win10","www2.assainissement.developpement-durable.gouv.fr/37.235.89.249","443","INFO","TLSv1.2 ECDHE-RSA-AES256-GCM-SHA384","",""
"clientsimulation-edge_17_win10","www2.assainissement.developpement-durable.gouv.fr/37.235.89.249","443","INFO","TLSv1.2 ECDHE-RSA-AES256-GCM-SHA384","",""
"clientsimulation-opera_66_win10","www2.assainissement.developpement-durable.gouv.fr/37.235.89.249","443","INFO","TLSv1.2 ECDHE-RSA-AES256-GCM-SHA384","",""
"clientsimulation-safari_9_ios9","www2.assainissement.developpement-durable.gouv.fr/37.235.89.249","443","INFO","TLSv1.2 ECDHE-RSA-AES256-GCM-SHA384","",""
"clientsimulation-safari_9_osx1011","www2.assainissement.developpement-durable.gouv.fr/37.235.89.249","443","INFO","TLSv1.2 ECDHE-RSA-AES256-GCM-SHA384","",""
"clientsimulation-safari_10_osx1012","www2.assainissement.developpement-durable.gouv.fr/37.235.89.249","443","INFO","TLSv1.2 ECDHE-RSA-AES256-GCM-SHA384","",""
"clientsimulation-safari_121_ios_122","www2.assainissement.developpement-durable.gouv.fr/37.235.89.249","443","INFO","TLSv1.2 ECDHE-RSA-AES256-GCM-SHA384","",""
"clientsimulation-safari_130_osx_10146","www2.assainissement.developpement-durable.gouv.fr/37.235.89.249","443","INFO","TLSv1.2 ECDHE-RSA-AES256-GCM-SHA384","",""
"clientsimulation-apple_ats_9_ios9","www2.assainissement.developpement-durable.gouv.fr/37.235.89.249","443","INFO","TLSv1.2 ECDHE-RSA-AES256-GCM-SHA384","",""
"clientsimulation-java_6u45","www2.assainissement.developpement-durable.gouv.fr/37.235.89.249","443","INFO","No connection","",""
"clientsimulation-java_7u25","www2.assainissement.developpement-durable.gouv.fr/37.235.89.249","443","INFO","No connection","",""
"clientsimulation-java_8u161","www2.assainissement.developpement-durable.gouv.fr/37.235.89.249","443","INFO","TLSv1.2 ECDHE-RSA-AES256-GCM-SHA384","",""
"clientsimulation-java1102","www2.assainissement.developpement-durable.gouv.fr/37.235.89.249","443","INFO","TLSv1.2 ECDHE-RSA-AES256-GCM-SHA384","",""
"clientsimulation-java1201","www2.assainissement.developpement-durable.gouv.fr/37.235.89.249","443","INFO","TLSv1.2 ECDHE-RSA-AES256-GCM-SHA384","",""
"clientsimulation-openssl_102e","www2.assainissement.developpement-durable.gouv.fr/37.235.89.249","443","INFO","TLSv1.2 ECDHE-RSA-AES256-GCM-SHA384","",""
"clientsimulation-openssl_110l","www2.assainissement.developpement-durable.gouv.fr/37.235.89.249","443","INFO","TLSv1.2 ECDHE-RSA-AES256-GCM-SHA384","",""
"clientsimulation-openssl_111d","www2.assainissement.developpement-durable.gouv.fr/37.235.89.249","443","INFO","TLSv1.2 ECDHE-RSA-AES256-GCM-SHA384","",""
"clientsimulation-thunderbird_68_3_1","www2.assainissement.developpement-durable.gouv.fr/37.235.89.249","443","INFO","TLSv1.2 ECDHE-RSA-AES256-GCM-SHA384","",""
"rating_spec","www2.assainissement.developpement-durable.gouv.fr/37.235.89.249","443","INFO","SSL Labs's 'SSL Server Rating Guide' (version 2009q from 2020-01-30)","",""
"rating_doc","www2.assainissement.developpement-durable.gouv.fr/37.235.89.249","443","INFO","https://github.com/ssllabs/research/wiki/SSL-Server-Rating-Guide","",""
"protocol_support_score","www2.assainissement.developpement-durable.gouv.fr/37.235.89.249","443","INFO","100","",""
"protocol_support_score_weighted","www2.assainissement.developpement-durable.gouv.fr/37.235.89.249","443","INFO","30","",""
"key_exchange_score","www2.assainissement.developpement-durable.gouv.fr/37.235.89.249","443","INFO","90","",""
"key_exchange_score_weighted","www2.assainissement.developpement-durable.gouv.fr/37.235.89.249","443","INFO","27","",""
"cipher_strength_score","www2.assainissement.developpement-durable.gouv.fr/37.235.89.249","443","INFO","60","",""
"cipher_strength_score_weighted","www2.assainissement.developpement-durable.gouv.fr/37.235.89.249","443","INFO","24","",""
"final_score","www2.assainissement.developpement-durable.gouv.fr/37.235.89.249","443","INFO","81","",""
"overall_grade","www2.assainissement.developpement-durable.gouv.fr/37.235.89.249","443","OK","A","",""
"grade_cap_reason_1","www2.assainissement.developpement-durable.gouv.fr/37.235.89.249","443","INFO","Grade capped to A. HSTS is not offered","",""
